Name,in <b>Humans</b>,in the <b>Universe</b>
Hydrogen,10,75
Helium,0,23
Lithium,NaN,0.000006
Beryllium,NaN,0.000001
Boron,0.00007,0.000001
Carbon,23,0.5
Nitrogen,2.6,0.1
Oxygen,61,1
Fluorine,0.0037,0.00004
Neon,,0.13
Sodium,0.14,0.002
Magnesium,0.027,0.059
Aluminum,0.00009,0.005
Silicon,0.026,0.07
Phosphorus,1.1,0.0007
Sulfur,0.2,0.05
Chlorine,0.12,0.0001
Argon,0,0.02
Potassium,0.2,0.0003
Calcium,1.4,0.007
Scandium,0,0.00003
Titanium,0,0.0003
Vanadium,NaN,0.0001
Chromium,NaN,0.0015
Manganese,0.00002,0.0008
Iron,0.006,0.11
Cobalt,NaN,0.0003
Nickel,0.00001,0.006
Copper,0.0001,0.00006
Zinc,0.0033,0.00003
Gallium,0,0.00001
Germanium,0,0.00002
Arsenic,NaN,0.000008
Selenium,NaN,0.00003
Bromine,0.00029,0.000007
Krypton,0,0.00004
Rubidium,0.00046,0.00001
Strontium,0.00046,0.00004
Yttrium,0,0.000007
Zirconium,NaN,0.00005
Niobium,0,0.000002
Molybdenum,0.00001,0.000005